-- phpMyAdmin SQL Dump
-- version 4.1.4
-- http://www.phpmyadmin.net
--
-- Host: 127.0.0.1
-- Generation Time: 16-Fev-2019 às 17:43
-- Versão do servidor: 5.6.15-log
-- PHP Version: 5.5.8

SET SQL_MODE = "NO_AUTO_VALUE_ON_ZERO";
SET time_zone = "+00:00";


/*!40101 SET @OLD_CHARACTER_SET_CLIENT=@@CHARACTER_SET_CLIENT */;
/*!40101 SET @OLD_CHARACTER_SET_RESULTS=@@CHARACTER_SET_RESULTS */;
/*!40101 SET @OLD_COLLATION_CONNECTION=@@COLLATION_CONNECTION */;
/*!40101 SET NAMES utf8 */;

--
-- Database: `lifeclin`
--

-- --------------------------------------------------------

--
-- Estrutura da tabela `agenda`
--

CREATE TABLE IF NOT EXISTS `agenda` (
  `idAgenda` int(11) NOT NULL,
  `especialidade` int(11) NOT NULL,
  `especialista` int(11) NOT NULL,
  `data` date NOT NULL,
  `hora` time NOT NULL,
  `paciente` int(11) NOT NULL,
  `status` int(11) NOT NULL,
  PRIMARY KEY (`idAgenda`),
  KEY `especialidade` (`especialidade`),
  KEY `especialista` (`especialista`),
  KEY `paciente` (`paciente`),
  KEY `status` (`status`)
) ENGINE=InnoDB DEFAULT CHARSET=latin1;

--
-- Extraindo dados da tabela `agenda`
--

INSERT INTO `agenda` (`idAgenda`, `especialidade`, `especialista`, `data`, `hora`, `paciente`, `status`) VALUES
(0, 1, 3, '2018-01-13', '07:00:00', 2, 1),
(2, 1, 3, '2019-02-05', '15:00:00', 1, 1),
(3, 1, 3, '2019-02-27', '09:00:00', 1, 1),
(4, 1, 3, '2019-02-26', '08:30:00', 6, 1),
(5, 1, 3, '2019-02-12', '08:30:00', 4, 1),
(6, 1, 3, '2018-01-15', '14:30:00', 1, 1),
(7, 1, 3, '2018-01-18', '14:30:00', 6, 1);

-- --------------------------------------------------------

--
-- Estrutura da tabela `agenda_medico`
--

CREATE TABLE IF NOT EXISTS `agenda_medico` (
  `idMedico` int(11) NOT NULL,
  `idEsp` int(11) DEFAULT NULL,
  `data` date DEFAULT NULL,
  `inicio` time DEFAULT NULL,
  `inicio_almoco` time DEFAULT NULL,
  `fim_almoco` time DEFAULT NULL,
  `fim` time DEFAULT NULL,
  `hora[1]` time DEFAULT NULL,
  `hora[2]` time DEFAULT NULL,
  `hora[3]` time DEFAULT NULL,
  `hora[4]` time DEFAULT NULL,
  `hora[5]` time DEFAULT NULL,
  `hora[6]` time DEFAULT NULL,
  `hora[7]` time DEFAULT NULL,
  `hora[8]` time DEFAULT NULL,
  `hora[9]` time DEFAULT NULL,
  `hora[10]` time DEFAULT NULL,
  `hora[11]` time DEFAULT NULL,
  `hora[12]` time DEFAULT NULL,
  `hora[13]` time DEFAULT NULL,
  `hora[14]` time DEFAULT NULL,
  `hora[15]` time DEFAULT NULL,
  `hora[16]` time DEFAULT NULL,
  `hora[17]` time DEFAULT NULL,
  `hora[18]` time DEFAULT NULL,
  `hora[19]` time DEFAULT NULL,
  `hora[20]` time DEFAULT NULL,
  `hora[21]` time DEFAULT NULL,
  `hora[22]` time DEFAULT NULL,
  `hora[23]` time DEFAULT NULL,
  `hora[24]` time DEFAULT NULL,
  `hora[25]` time DEFAULT NULL,
  `hora[26]` time DEFAULT NULL,
  `hora[27]` time DEFAULT NULL,
  `hora[28]` time DEFAULT NULL,
  `hora[29]` time DEFAULT NULL,
  `hora[30]` time DEFAULT NULL,
  KEY `idMedico` (`idMedico`),
  KEY `idEsp` (`idEsp`)
) ENGINE=InnoDB DEFAULT CHARSET=latin1;

--
-- Extraindo dados da tabela `agenda_medico`
--

INSERT INTO `agenda_medico` (`idMedico`, `idEsp`, `data`, `inicio`, `inicio_almoco`, `fim_almoco`, `fim`, `hora[1]`, `hora[2]`, `hora[3]`, `hora[4]`, `hora[5]`, `hora[6]`, `hora[7]`, `hora[8]`, `hora[9]`, `hora[10]`, `hora[11]`, `hora[12]`, `hora[13]`, `hora[14]`, `hora[15]`, `hora[16]`, `hora[17]`, `hora[18]`, `hora[19]`, `hora[20]`, `hora[21]`, `hora[22]`, `hora[23]`, `hora[24]`, `hora[25]`, `hora[26]`, `hora[27]`, `hora[28]`, `hora[29]`, `hora[30]`) VALUES
(3, 1, '2018-01-13', '07:00:00', '13:00:00', '14:00:00', '17:00:00', '07:00:00', '07:30:00', '08:00:00', '08:30:00', '09:00:00', '09:30:00', '10:00:00', '10:30:00', '11:00:00', '11:30:00', '12:00:00', '12:30:00', '13:00:00', '13:30:00', '14:00:00', '14:30:00', '15:00:00', '15:30:00', '16:00:00', '16:30:00', NULL, NULL, NULL, NULL, NULL, NULL, NULL, NULL, NULL, NULL),
(3, 1, '2018-01-15', '07:00:00', '13:00:00', '14:00:00', '17:00:00', '07:00:00', '07:30:00', '08:00:00', '08:30:00', '09:00:00', '09:30:00', '10:00:00', '10:30:00', '11:00:00', '11:30:00', '12:00:00', '12:30:00', '13:00:00', '13:30:00', '14:00:00', '14:30:00', '15:00:00', '15:30:00', '16:00:00', '16:30:00', NULL, NULL, NULL, NULL, NULL, NULL, NULL, NULL, NULL, NULL),
(3, 1, '2018-01-16', '07:00:00', '13:00:00', '14:00:00', '17:00:00', '07:00:00', '07:30:00', '08:00:00', '08:30:00', '09:00:00', '09:30:00', '10:00:00', '10:30:00', '11:00:00', '11:30:00', '12:00:00', '12:30:00', '13:00:00', '13:30:00', '14:00:00', '14:30:00', '15:00:00', '15:30:00', '16:00:00', '16:30:00', NULL, NULL, NULL, NULL, NULL, NULL, NULL, NULL, NULL, NULL),
(3, 1, '2018-01-17', '07:00:00', '13:00:00', '14:00:00', '17:00:00', '07:00:00', '07:30:00', '08:00:00', '08:30:00', '09:00:00', '09:30:00', '10:00:00', '10:30:00', '11:00:00', '11:30:00', '12:00:00', '12:30:00', '13:00:00', '13:30:00', '14:00:00', '14:30:00', '15:00:00', '15:30:00', '16:00:00', '16:30:00', NULL, NULL, NULL, NULL, NULL, NULL, NULL, NULL, NULL, NULL),
(3, 1, '2018-01-18', '07:00:00', '13:00:00', '14:00:00', '17:00:00', '07:00:00', '07:30:00', '08:00:00', '08:30:00', '09:00:00', '09:30:00', '10:00:00', '10:30:00', '11:00:00', '11:30:00', '12:00:00', '12:30:00', '13:00:00', '13:30:00', '14:00:00', '14:30:00', '15:00:00', '15:30:00', '16:00:00', '16:30:00', NULL, NULL, NULL, NULL, NULL, NULL, NULL, NULL, NULL, NULL),
(3, NULL, '2019-02-09', '08:00:00', '12:00:00', '13:00:00', '19:00:00', '08:00:00', '08:30:00', '09:00:00', '09:30:00', '10:00:00', '10:30:00', '11:00:00', '11:30:00', '12:00:00', '12:30:00', '13:00:00', '13:30:00', '14:00:00', '14:30:00', '15:00:00', '15:30:00', '16:00:00', '16:30:00', '17:00:00', '17:30:00', '18:00:00', '18:30:00', NULL, NULL, NULL, NULL, NULL, NULL, NULL, NULL),
(3, NULL, '2019-02-11', '08:00:00', '12:00:00', '13:00:00', '19:00:00', '08:00:00', '08:30:00', '09:00:00', '09:30:00', '10:00:00', '10:30:00', '11:00:00', '11:30:00', '12:00:00', '12:30:00', '13:00:00', '13:30:00', '14:00:00', '14:30:00', '15:00:00', '15:30:00', '16:00:00', '16:30:00', '17:00:00', '17:30:00', '18:00:00', '18:30:00', NULL, NULL, NULL, NULL, NULL, NULL, NULL, NULL),
(3, NULL, '2019-02-12', '08:00:00', '12:00:00', '13:00:00', '19:00:00', '08:00:00', '08:30:00', '09:00:00', '09:30:00', '10:00:00', '10:30:00', '11:00:00', '11:30:00', '12:00:00', '12:30:00', '13:00:00', '13:30:00', '14:00:00', '14:30:00', '15:00:00', '15:30:00', '16:00:00', '16:30:00', '17:00:00', '17:30:00', '18:00:00', '18:30:00', NULL, NULL, NULL, NULL, NULL, NULL, NULL, NULL),
(3, NULL, '2019-02-13', '08:00:00', '12:00:00', '13:00:00', '19:00:00', '08:00:00', '08:30:00', '09:00:00', '09:30:00', '10:00:00', '10:30:00', '11:00:00', '11:30:00', '12:00:00', '12:30:00', '13:00:00', '13:30:00', '14:00:00', '14:30:00', '15:00:00', '15:30:00', '16:00:00', '16:30:00', '17:00:00', '17:30:00', '18:00:00', '18:30:00', NULL, NULL, NULL, NULL, NULL, NULL, NULL, NULL),
(3, NULL, '2019-02-14', '08:00:00', '12:00:00', '13:00:00', '19:00:00', '08:00:00', '08:30:00', '09:00:00', '09:30:00', '10:00:00', '10:30:00', '11:00:00', '11:30:00', '12:00:00', '12:30:00', '13:00:00', '13:30:00', '14:00:00', '14:30:00', '15:00:00', '15:30:00', '16:00:00', '16:30:00', '17:00:00', '17:30:00', '18:00:00', '18:30:00', NULL, NULL, NULL, NULL, NULL, NULL, NULL, NULL),
(3, NULL, '2019-02-15', '08:00:00', '12:00:00', '13:00:00', '19:00:00', '08:00:00', '08:30:00', '09:00:00', '09:30:00', '10:00:00', '10:30:00', '11:00:00', '11:30:00', '12:00:00', '12:30:00', '13:00:00', '13:30:00', '14:00:00', '14:30:00', '15:00:00', '15:30:00', '16:00:00', '16:30:00', '17:00:00', '17:30:00', '18:00:00', '18:30:00', NULL, NULL, NULL, NULL, NULL, NULL, NULL, NULL),
(3, NULL, '2019-02-01', '07:00:00', '12:00:00', '13:00:00', '17:00:00', '07:00:00', '07:30:00', '08:00:00', '08:30:00', '09:00:00', '09:30:00', '10:00:00', '10:30:00', '11:00:00', '11:30:00', '12:00:00', '12:30:00', '13:00:00', '13:30:00', '14:00:00', '14:30:00', '15:00:00', '15:30:00', '16:00:00', '16:30:00', NULL, NULL, NULL, NULL, NULL, NULL, NULL, NULL, NULL, NULL),
(3, NULL, '2019-02-02', '07:00:00', '12:00:00', '13:00:00', '17:00:00', '07:00:00', '07:30:00', '08:00:00', '08:30:00', '09:00:00', '09:30:00', '10:00:00', '10:30:00', '11:00:00', '11:30:00', '12:00:00', '12:30:00', '13:00:00', '13:30:00', '14:00:00', '14:30:00', '15:00:00', '15:30:00', '16:00:00', '16:30:00', NULL, NULL, NULL, NULL, NULL, NULL, NULL, NULL, NULL, NULL),
(3, NULL, '2019-02-04', '07:00:00', '12:00:00', '13:00:00', '17:00:00', '07:00:00', '07:30:00', '08:00:00', '08:30:00', '09:00:00', '09:30:00', '10:00:00', '10:30:00', '11:00:00', '11:30:00', '12:00:00', '12:30:00', '13:00:00', '13:30:00', '14:00:00', '14:30:00', '15:00:00', '15:30:00', '16:00:00', '16:30:00', NULL, NULL, NULL, NULL, NULL, NULL, NULL, NULL, NULL, NULL),
(3, NULL, '2019-02-05', '07:00:00', '12:00:00', '13:00:00', '17:00:00', '07:00:00', '07:30:00', '08:00:00', '08:30:00', '09:00:00', '09:30:00', '10:00:00', '10:30:00', '11:00:00', '11:30:00', '12:00:00', '12:30:00', '13:00:00', '13:30:00', '14:00:00', '14:30:00', '15:00:00', '15:30:00', '16:00:00', '16:30:00', NULL, NULL, NULL, NULL, NULL, NULL, NULL, NULL, NULL, NULL),
(3, NULL, '2019-02-06', '07:00:00', '12:00:00', '13:00:00', '17:00:00', '07:00:00', '07:30:00', '08:00:00', '08:30:00', '09:00:00', '09:30:00', '10:00:00', '10:30:00', '11:00:00', '11:30:00', '12:00:00', '12:30:00', '13:00:00', '13:30:00', '14:00:00', '14:30:00', '15:00:00', '15:30:00', '16:00:00', '16:30:00', NULL, NULL, NULL, NULL, NULL, NULL, NULL, NULL, NULL, NULL),
(3, NULL, '2019-02-07', '07:00:00', '12:00:00', '13:00:00', '17:00:00', '07:00:00', '07:30:00', '08:00:00', '08:30:00', '09:00:00', '09:30:00', '10:00:00', '10:30:00', '11:00:00', '11:30:00', '12:00:00', '12:30:00', '13:00:00', '13:30:00', '14:00:00', '14:30:00', '15:00:00', '15:30:00', '16:00:00', '16:30:00', NULL, NULL, NULL, NULL, NULL, NULL, NULL, NULL, NULL, NULL),
(3, NULL, '2019-02-08', '07:00:00', '12:00:00', '13:00:00', '17:00:00', '07:00:00', '07:30:00', '08:00:00', '08:30:00', '09:00:00', '09:30:00', '10:00:00', '10:30:00', '11:00:00', '11:30:00', '12:00:00', '12:30:00', '13:00:00', '13:30:00', '14:00:00', '14:30:00', '15:00:00', '15:30:00', '16:00:00', '16:30:00', NULL, NULL, NULL, NULL, NULL, NULL, NULL, NULL, NULL, NULL),
(3, NULL, '2019-02-09', '07:00:00', '12:00:00', '13:00:00', '17:00:00', '07:00:00', '07:30:00', '08:00:00', '08:30:00', '09:00:00', '09:30:00', '10:00:00', '10:30:00', '11:00:00', '11:30:00', '12:00:00', '12:30:00', '13:00:00', '13:30:00', '14:00:00', '14:30:00', '15:00:00', '15:30:00', '16:00:00', '16:30:00', NULL, NULL, NULL, NULL, NULL, NULL, NULL, NULL, NULL, NULL),
(3, NULL, '2019-02-11', '07:00:00', '12:00:00', '13:00:00', '17:00:00', '07:00:00', '07:30:00', '08:00:00', '08:30:00', '09:00:00', '09:30:00', '10:00:00', '10:30:00', '11:00:00', '11:30:00', '12:00:00', '12:30:00', '13:00:00', '13:30:00', '14:00:00', '14:30:00', '15:00:00', '15:30:00', '16:00:00', '16:30:00', NULL, NULL, NULL, NULL, NULL, NULL, NULL, NULL, NULL, NULL),
(3, NULL, '2019-02-12', '07:00:00', '12:00:00', '13:00:00', '17:00:00', '07:00:00', '07:30:00', '08:00:00', '08:30:00', '09:00:00', '09:30:00', '10:00:00', '10:30:00', '11:00:00', '11:30:00', '12:00:00', '12:30:00', '13:00:00', '13:30:00', '14:00:00', '14:30:00', '15:00:00', '15:30:00', '16:00:00', '16:30:00', NULL, NULL, NULL, NULL, NULL, NULL, NULL, NULL, NULL, NULL),
(3, NULL, '2019-02-13', '07:00:00', '12:00:00', '13:00:00', '17:00:00', '07:00:00', '07:30:00', '08:00:00', '08:30:00', '09:00:00', '09:30:00', '10:00:00', '10:30:00', '11:00:00', '11:30:00', '12:00:00', '12:30:00', '13:00:00', '13:30:00', '14:00:00', '14:30:00', '15:00:00', '15:30:00', '16:00:00', '16:30:00', NULL, NULL, NULL, NULL, NULL, NULL, NULL, NULL, NULL, NULL),
(3, NULL, '2019-02-14', '07:00:00', '12:00:00', '13:00:00', '17:00:00', '07:00:00', '07:30:00', '08:00:00', '08:30:00', '09:00:00', '09:30:00', '10:00:00', '10:30:00', '11:00:00', '11:30:00', '12:00:00', '12:30:00', '13:00:00', '13:30:00', '14:00:00', '14:30:00', '15:00:00', '15:30:00', '16:00:00', '16:30:00', NULL, NULL, NULL, NULL, NULL, NULL, NULL, NULL, NULL, NULL),
(3, NULL, '2019-02-15', '07:00:00', '12:00:00', '13:00:00', '17:00:00', '07:00:00', '07:30:00', '08:00:00', '08:30:00', '09:00:00', '09:30:00', '10:00:00', '10:30:00', '11:00:00', '11:30:00', '12:00:00', '12:30:00', '13:00:00', '13:30:00', '14:00:00', '14:30:00', '15:00:00', '15:30:00', '16:00:00', '16:30:00', NULL, NULL, NULL, NULL, NULL, NULL, NULL, NULL, NULL, NULL),
(3, NULL, '2019-02-16', '07:00:00', '12:00:00', '13:00:00', '17:00:00', '07:00:00', '07:30:00', '08:00:00', '08:30:00', '09:00:00', '09:30:00', '10:00:00', '10:30:00', '11:00:00', '11:30:00', '12:00:00', '12:30:00', '13:00:00', '13:30:00', '14:00:00', '14:30:00', '15:00:00', '15:30:00', '16:00:00', '16:30:00', NULL, NULL, NULL, NULL, NULL, NULL, NULL, NULL, NULL, NULL),
(3, NULL, '2019-02-18', '07:00:00', '12:00:00', '13:00:00', '17:00:00', '07:00:00', '07:30:00', '08:00:00', '08:30:00', '09:00:00', '09:30:00', '10:00:00', '10:30:00', '11:00:00', '11:30:00', '12:00:00', '12:30:00', '13:00:00', '13:30:00', '14:00:00', '14:30:00', '15:00:00', '15:30:00', '16:00:00', '16:30:00', NULL, NULL, NULL, NULL, NULL, NULL, NULL, NULL, NULL, NULL),
(3, NULL, '2019-02-19', '07:00:00', '12:00:00', '13:00:00', '17:00:00', '07:00:00', '07:30:00', '08:00:00', '08:30:00', '09:00:00', '09:30:00', '10:00:00', '10:30:00', '11:00:00', '11:30:00', '12:00:00', '12:30:00', '13:00:00', '13:30:00', '14:00:00', '14:30:00', '15:00:00', '15:30:00', '16:00:00', '16:30:00', NULL, NULL, NULL, NULL, NULL, NULL, NULL, NULL, NULL, NULL),
(3, NULL, '2019-02-20', '07:00:00', '12:00:00', '13:00:00', '17:00:00', '07:00:00', '07:30:00', '08:00:00', '08:30:00', '09:00:00', '09:30:00', '10:00:00', '10:30:00', '11:00:00', '11:30:00', '12:00:00', '12:30:00', '13:00:00', '13:30:00', '14:00:00', '14:30:00', '15:00:00', '15:30:00', '16:00:00', '16:30:00', NULL, NULL, NULL, NULL, NULL, NULL, NULL, NULL, NULL, NULL),
(3, NULL, '2019-02-21', '07:00:00', '12:00:00', '13:00:00', '17:00:00', '07:00:00', '07:30:00', '08:00:00', '08:30:00', '09:00:00', '09:30:00', '10:00:00', '10:30:00', '11:00:00', '11:30:00', '12:00:00', '12:30:00', '13:00:00', '13:30:00', '14:00:00', '14:30:00', '15:00:00', '15:30:00', '16:00:00', '16:30:00', NULL, NULL, NULL, NULL, NULL, NULL, NULL, NULL, NULL, NULL),
(3, NULL, '2019-02-22', '07:00:00', '12:00:00', '13:00:00', '17:00:00', '07:00:00', '07:30:00', '08:00:00', '08:30:00', '09:00:00', '09:30:00', '10:00:00', '10:30:00', '11:00:00', '11:30:00', '12:00:00', '12:30:00', '13:00:00', '13:30:00', '14:00:00', '14:30:00', '15:00:00', '15:30:00', '16:00:00', '16:30:00', NULL, NULL, NULL, NULL, NULL, NULL, NULL, NULL, NULL, NULL),
(3, NULL, '2019-02-23', '07:00:00', '12:00:00', '13:00:00', '17:00:00', '07:00:00', '07:30:00', '08:00:00', '08:30:00', '09:00:00', '09:30:00', '10:00:00', '10:30:00', '11:00:00', '11:30:00', '12:00:00', '12:30:00', '13:00:00', '13:30:00', '14:00:00', '14:30:00', '15:00:00', '15:30:00', '16:00:00', '16:30:00', NULL, NULL, NULL, NULL, NULL, NULL, NULL, NULL, NULL, NULL),
(3, NULL, '2019-02-25', '07:00:00', '12:00:00', '13:00:00', '17:00:00', '07:00:00', '07:30:00', '08:00:00', '08:30:00', '09:00:00', '09:30:00', '10:00:00', '10:30:00', '11:00:00', '11:30:00', '12:00:00', '12:30:00', '13:00:00', '13:30:00', '14:00:00', '14:30:00', '15:00:00', '15:30:00', '16:00:00', '16:30:00', NULL, NULL, NULL, NULL, NULL, NULL, NULL, NULL, NULL, NULL),
(3, NULL, '2019-02-26', '07:00:00', '12:00:00', '13:00:00', '17:00:00', '07:00:00', '07:30:00', '08:00:00', '08:30:00', '09:00:00', '09:30:00', '10:00:00', '10:30:00', '11:00:00', '11:30:00', '12:00:00', '12:30:00', '13:00:00', '13:30:00', '14:00:00', '14:30:00', '15:00:00', '15:30:00', '16:00:00', '16:30:00', NULL, NULL, NULL, NULL, NULL, NULL, NULL, NULL, NULL, NULL),
(3, NULL, '2019-02-27', '07:00:00', '12:00:00', '13:00:00', '17:00:00', '07:00:00', '07:30:00', '08:00:00', '08:30:00', '09:00:00', '09:30:00', '10:00:00', '10:30:00', '11:00:00', '11:30:00', '12:00:00', '12:30:00', '13:00:00', '13:30:00', '14:00:00', '14:30:00', '15:00:00', '15:30:00', '16:00:00', '16:30:00', NULL, NULL, NULL, NULL, NULL, NULL, NULL, NULL, NULL, NULL),
(3, NULL, '2019-02-28', '07:00:00', '12:00:00', '13:00:00', '17:00:00', '07:00:00', '07:30:00', '08:00:00', '08:30:00', '09:00:00', '09:30:00', '10:00:00', '10:30:00', '11:00:00', '11:30:00', '12:00:00', '12:30:00', '13:00:00', '13:30:00', '14:00:00', '14:30:00', '15:00:00', '15:30:00', '16:00:00', '16:30:00', NULL, NULL, NULL, NULL, NULL, NULL, NULL, NULL, NULL, NULL),
(3, NULL, '2019-03-01', '07:00:00', '12:00:00', '13:00:00', '17:00:00', '07:00:00', '07:30:00', '08:00:00', '08:30:00', '09:00:00', '09:30:00', '10:00:00', '10:30:00', '11:00:00', '11:30:00', '12:00:00', '12:30:00', '13:00:00', '13:30:00', '14:00:00', '14:30:00', '15:00:00', '15:30:00', '16:00:00', '16:30:00', NULL, NULL, NULL, NULL, NULL, NULL, NULL, NULL, NULL, NULL),
(3, NULL, '2019-02-01', '07:00:00', '12:00:00', '13:00:00', '17:00:00', '07:00:00', '07:30:00', '08:00:00', '08:30:00', '09:00:00', '09:30:00', '10:00:00', '10:30:00', '11:00:00', '11:30:00', '12:00:00', '12:30:00', '13:00:00', '13:30:00', '14:00:00', '14:30:00', '15:00:00', '15:30:00', '16:00:00', '16:30:00', NULL, NULL, NULL, NULL, NULL, NULL, NULL, NULL, NULL, NULL),
(3, NULL, '2019-02-02', '07:00:00', '12:00:00', '13:00:00', '17:00:00', '07:00:00', '07:30:00', '08:00:00', '08:30:00', '09:00:00', '09:30:00', '10:00:00', '10:30:00', '11:00:00', '11:30:00', '12:00:00', '12:30:00', '13:00:00', '13:30:00', '14:00:00', '14:30:00', '15:00:00', '15:30:00', '16:00:00', '16:30:00', NULL, NULL, NULL, NULL, NULL, NULL, NULL, NULL, NULL, NULL),
(3, NULL, '2019-02-04', '07:00:00', '12:00:00', '13:00:00', '17:00:00', '07:00:00', '07:30:00', '08:00:00', '08:30:00', '09:00:00', '09:30:00', '10:00:00', '10:30:00', '11:00:00', '11:30:00', '12:00:00', '12:30:00', '13:00:00', '13:30:00', '14:00:00', '14:30:00', '15:00:00', '15:30:00', '16:00:00', '16:30:00', NULL, NULL, NULL, NULL, NULL, NULL, NULL, NULL, NULL, NULL),
(3, NULL, '2019-02-05', '07:00:00', '12:00:00', '13:00:00', '17:00:00', '07:00:00', '07:30:00', '08:00:00', '08:30:00', '09:00:00', '09:30:00', '10:00:00', '10:30:00', '11:00:00', '11:30:00', '12:00:00', '12:30:00', '13:00:00', '13:30:00', '14:00:00', '14:30:00', '15:00:00', '15:30:00', '16:00:00', '16:30:00', NULL, NULL, NULL, NULL, NULL, NULL, NULL, NULL, NULL, NULL),
(3, NULL, '2019-02-06', '07:00:00', '12:00:00', '13:00:00', '17:00:00', '07:00:00', '07:30:00', '08:00:00', '08:30:00', '09:00:00', '09:30:00', '10:00:00', '10:30:00', '11:00:00', '11:30:00', '12:00:00', '12:30:00', '13:00:00', '13:30:00', '14:00:00', '14:30:00', '15:00:00', '15:30:00', '16:00:00', '16:30:00', NULL, NULL, NULL, NULL, NULL, NULL, NULL, NULL, NULL, NULL),
(3, NULL, '2019-02-07', '07:00:00', '12:00:00', '13:00:00', '17:00:00', '07:00:00', '07:30:00', '08:00:00', '08:30:00', '09:00:00', '09:30:00', '10:00:00', '10:30:00', '11:00:00', '11:30:00', '12:00:00', '12:30:00', '13:00:00', '13:30:00', '14:00:00', '14:30:00', '15:00:00', '15:30:00', '16:00:00', '16:30:00', NULL, NULL, NULL, NULL, NULL, NULL, NULL, NULL, NULL, NULL),
(3, NULL, '2019-02-08', '07:00:00', '12:00:00', '13:00:00', '17:00:00', '07:00:00', '07:30:00', '08:00:00', '08:30:00', '09:00:00', '09:30:00', '10:00:00', '10:30:00', '11:00:00', '11:30:00', '12:00:00', '12:30:00', '13:00:00', '13:30:00', '14:00:00', '14:30:00', '15:00:00', '15:30:00', '16:00:00', '16:30:00', NULL, NULL, NULL, NULL, NULL, NULL, NULL, NULL, NULL, NULL),
(3, NULL, '2019-02-09', '07:00:00', '12:00:00', '13:00:00', '17:00:00', '07:00:00', '07:30:00', '08:00:00', '08:30:00', '09:00:00', '09:30:00', '10:00:00', '10:30:00', '11:00:00', '11:30:00', '12:00:00', '12:30:00', '13:00:00', '13:30:00', '14:00:00', '14:30:00', '15:00:00', '15:30:00', '16:00:00', '16:30:00', NULL, NULL, NULL, NULL, NULL, NULL, NULL, NULL, NULL, NULL),
(3, NULL, '2019-02-11', '07:00:00', '12:00:00', '13:00:00', '17:00:00', '07:00:00', '07:30:00', '08:00:00', '08:30:00', '09:00:00', '09:30:00', '10:00:00', '10:30:00', '11:00:00', '11:30:00', '12:00:00', '12:30:00', '13:00:00', '13:30:00', '14:00:00', '14:30:00', '15:00:00', '15:30:00', '16:00:00', '16:30:00', NULL, NULL, NULL, NULL, NULL, NULL, NULL, NULL, NULL, NULL),
(3, NULL, '2019-02-12', '07:00:00', '12:00:00', '13:00:00', '17:00:00', '07:00:00', '07:30:00', '08:00:00', '08:30:00', '09:00:00', '09:30:00', '10:00:00', '10:30:00', '11:00:00', '11:30:00', '12:00:00', '12:30:00', '13:00:00', '13:30:00', '14:00:00', '14:30:00', '15:00:00', '15:30:00', '16:00:00', '16:30:00', NULL, NULL, NULL, NULL, NULL, NULL, NULL, NULL, NULL, NULL),
(3, NULL, '2019-02-13', '07:00:00', '12:00:00', '13:00:00', '17:00:00', '07:00:00', '07:30:00', '08:00:00', '08:30:00', '09:00:00', '09:30:00', '10:00:00', '10:30:00', '11:00:00', '11:30:00', '12:00:00', '12:30:00', '13:00:00', '13:30:00', '14:00:00', '14:30:00', '15:00:00', '15:30:00', '16:00:00', '16:30:00', NULL, NULL, NULL, NULL, NULL, NULL, NULL, NULL, NULL, NULL),
(3, NULL, '2019-02-14', '07:00:00', '12:00:00', '13:00:00', '17:00:00', '07:00:00', '07:30:00', '08:00:00', '08:30:00', '09:00:00', '09:30:00', '10:00:00', '10:30:00', '11:00:00', '11:30:00', '12:00:00', '12:30:00', '13:00:00', '13:30:00', '14:00:00', '14:30:00', '15:00:00', '15:30:00', '16:00:00', '16:30:00', NULL, NULL, NULL, NULL, NULL, NULL, NULL, NULL, NULL, NULL),
(3, NULL, '2019-02-15', '07:00:00', '12:00:00', '13:00:00', '17:00:00', '07:00:00', '07:30:00', '08:00:00', '08:30:00', '09:00:00', '09:30:00', '10:00:00', '10:30:00', '11:00:00', '11:30:00', '12:00:00', '12:30:00', '13:00:00', '13:30:00', '14:00:00', '14:30:00', '15:00:00', '15:30:00', '16:00:00', '16:30:00', NULL, NULL, NULL, NULL, NULL, NULL, NULL, NULL, NULL, NULL),
(3, NULL, '2019-02-16', '07:00:00', '12:00:00', '13:00:00', '17:00:00', '07:00:00', '07:30:00', '08:00:00', '08:30:00', '09:00:00', '09:30:00', '10:00:00', '10:30:00', '11:00:00', '11:30:00', '12:00:00', '12:30:00', '13:00:00', '13:30:00', '14:00:00', '14:30:00', '15:00:00', '15:30:00', '16:00:00', '16:30:00', NULL, NULL, NULL, NULL, NULL, NULL, NULL, NULL, NULL, NULL),
(3, NULL, '2019-02-18', '07:00:00', '12:00:00', '13:00:00', '17:00:00', '07:00:00', '07:30:00', '08:00:00', '08:30:00', '09:00:00', '09:30:00', '10:00:00', '10:30:00', '11:00:00', '11:30:00', '12:00:00', '12:30:00', '13:00:00', '13:30:00', '14:00:00', '14:30:00', '15:00:00', '15:30:00', '16:00:00', '16:30:00', NULL, NULL, NULL, NULL, NULL, NULL, NULL, NULL, NULL, NULL),
(3, NULL, '2019-02-19', '07:00:00', '12:00:00', '13:00:00', '17:00:00', '07:00:00', '07:30:00', '08:00:00', '08:30:00', '09:00:00', '09:30:00', '10:00:00', '10:30:00', '11:00:00', '11:30:00', '12:00:00', '12:30:00', '13:00:00', '13:30:00', '14:00:00', '14:30:00', '15:00:00', '15:30:00', '16:00:00', '16:30:00', NULL, NULL, NULL, NULL, NULL, NULL, NULL, NULL, NULL, NULL),
(3, NULL, '2019-02-20', '07:00:00', '12:00:00', '13:00:00', '17:00:00', '07:00:00', '07:30:00', '08:00:00', '08:30:00', '09:00:00', '09:30:00', '10:00:00', '10:30:00', '11:00:00', '11:30:00', '12:00:00', '12:30:00', '13:00:00', '13:30:00', '14:00:00', '14:30:00', '15:00:00', '15:30:00', '16:00:00', '16:30:00', NULL, NULL, NULL, NULL, NULL, NULL, NULL, NULL, NULL, NULL),
(3, NULL, '2019-02-21', '07:00:00', '12:00:00', '13:00:00', '17:00:00', '07:00:00', '07:30:00', '08:00:00', '08:30:00', '09:00:00', '09:30:00', '10:00:00', '10:30:00', '11:00:00', '11:30:00', '12:00:00', '12:30:00', '13:00:00', '13:30:00', '14:00:00', '14:30:00', '15:00:00', '15:30:00', '16:00:00', '16:30:00', NULL, NULL, NULL, NULL, NULL, NULL, NULL, NULL, NULL, NULL),
(3, NULL, '2019-02-22', '07:00:00', '12:00:00', '13:00:00', '17:00:00', '07:00:00', '07:30:00', '08:00:00', '08:30:00', '09:00:00', '09:30:00', '10:00:00', '10:30:00', '11:00:00', '11:30:00', '12:00:00', '12:30:00', '13:00:00', '13:30:00', '14:00:00', '14:30:00', '15:00:00', '15:30:00', '16:00:00', '16:30:00', NULL, NULL, NULL, NULL, NULL, NULL, NULL, NULL, NULL, NULL),
(3, NULL, '2019-02-23', '07:00:00', '12:00:00', '13:00:00', '17:00:00', '07:00:00', '07:30:00', '08:00:00', '08:30:00', '09:00:00', '09:30:00', '10:00:00', '10:30:00', '11:00:00', '11:30:00', '12:00:00', '12:30:00', '13:00:00', '13:30:00', '14:00:00', '14:30:00', '15:00:00', '15:30:00', '16:00:00', '16:30:00', NULL, NULL, NULL, NULL, NULL, NULL, NULL, NULL, NULL, NULL),
(3, NULL, '2019-02-25', '07:00:00', '12:00:00', '13:00:00', '17:00:00', '07:00:00', '07:30:00', '08:00:00', '08:30:00', '09:00:00', '09:30:00', '10:00:00', '10:30:00', '11:00:00', '11:30:00', '12:00:00', '12:30:00', '13:00:00', '13:30:00', '14:00:00', '14:30:00', '15:00:00', '15:30:00', '16:00:00', '16:30:00', NULL, NULL, NULL, NULL, NULL, NULL, NULL, NULL, NULL, NULL),
(3, NULL, '2019-02-26', '07:00:00', '12:00:00', '13:00:00', '17:00:00', '07:00:00', '07:30:00', '08:00:00', '08:30:00', '09:00:00', '09:30:00', '10:00:00', '10:30:00', '11:00:00', '11:30:00', '12:00:00', '12:30:00', '13:00:00', '13:30:00', '14:00:00', '14:30:00', '15:00:00', '15:30:00', '16:00:00', '16:30:00', NULL, NULL, NULL, NULL, NULL, NULL, NULL, NULL, NULL, NULL),
(3, NULL, '2019-02-27', '07:00:00', '12:00:00', '13:00:00', '17:00:00', '07:00:00', '07:30:00', '08:00:00', '08:30:00', '09:00:00', '09:30:00', '10:00:00', '10:30:00', '11:00:00', '11:30:00', '12:00:00', '12:30:00', '13:00:00', '13:30:00', '14:00:00', '14:30:00', '15:00:00', '15:30:00', '16:00:00', '16:30:00', NULL, NULL, NULL, NULL, NULL, NULL, NULL, NULL, NULL, NULL),
(3, NULL, '2019-02-28', '07:00:00', '12:00:00', '13:00:00', '17:00:00', '07:00:00', '07:30:00', '08:00:00', '08:30:00', '09:00:00', '09:30:00', '10:00:00', '10:30:00', '11:00:00', '11:30:00', '12:00:00', '12:30:00', '13:00:00', '13:30:00', '14:00:00', '14:30:00', '15:00:00', '15:30:00', '16:00:00', '16:30:00', NULL, NULL, NULL, NULL, NULL, NULL, NULL, NULL, NULL, NULL),
(3, NULL, '2019-03-01', '07:00:00', '12:00:00', '13:00:00', '17:00:00', '07:00:00', '07:30:00', '08:00:00', '08:30:00', '09:00:00', '09:30:00', '10:00:00', '10:30:00', '11:00:00', '11:30:00', '12:00:00', '12:30:00', '13:00:00', '13:30:00', '14:00:00', '14:30:00', '15:00:00', '15:30:00', '16:00:00', '16:30:00', NULL, NULL, NULL, NULL, NULL, NULL, NULL, NULL, NULL, NULL),
(3, NULL, '2019-02-13', '07:00:00', '12:00:00', '13:00:00', '17:00:00', '07:00:00', '07:30:00', '08:00:00', '08:30:00', '09:00:00', '09:30:00', '10:00:00', '10:30:00', '11:00:00', '11:30:00', '12:00:00', '12:30:00', '13:00:00', '13:30:00', '14:00:00', '14:30:00', '15:00:00', '15:30:00', '16:00:00', '16:30:00', NULL, NULL, NULL, NULL, NULL, NULL, NULL, NULL, NULL, NULL),
(3, NULL, '2019-02-14', '07:00:00', '12:00:00', '13:00:00', '17:00:00', '07:00:00', '07:30:00', '08:00:00', '08:30:00', '09:00:00', '09:30:00', '10:00:00', '10:30:00', '11:00:00', '11:30:00', '12:00:00', '12:30:00', '13:00:00', '13:30:00', '14:00:00', '14:30:00', '15:00:00', '15:30:00', '16:00:00', '16:30:00', NULL, NULL, NULL, NULL, NULL, NULL, NULL, NULL, NULL, NULL),
(3, NULL, '2019-02-15', '07:00:00', '12:00:00', '13:00:00', '17:00:00', '07:00:00', '07:30:00', '08:00:00', '08:30:00', '09:00:00', '09:30:00', '10:00:00', '10:30:00', '11:00:00', '11:30:00', '12:00:00', '12:30:00', '13:00:00', '13:30:00', '14:00:00', '14:30:00', '15:00:00', '15:30:00', '16:00:00', '16:30:00', NULL, NULL, NULL, NULL, NULL, NULL, NULL, NULL, NULL, NULL),
(3, NULL, '2019-02-16', '07:00:00', '12:00:00', '13:00:00', '17:00:00', '07:00:00', '07:30:00', '08:00:00', '08:30:00', '09:00:00', '09:30:00', '10:00:00', '10:30:00', '11:00:00', '11:30:00', '12:00:00', '12:30:00', '13:00:00', '13:30:00', '14:00:00', '14:30:00', '15:00:00', '15:30:00', '16:00:00', '16:30:00', NULL, NULL, NULL, NULL, NULL, NULL, NULL, NULL, NULL, NULL),
(3, NULL, '2019-02-18', '07:00:00', '12:00:00', '13:00:00', '17:00:00', '07:00:00', '07:30:00', '08:00:00', '08:30:00', '09:00:00', '09:30:00', '10:00:00', '10:30:00', '11:00:00', '11:30:00', '12:00:00', '12:30:00', '13:00:00', '13:30:00', '14:00:00', '14:30:00', '15:00:00', '15:30:00', '16:00:00', '16:30:00', NULL, NULL, NULL, NULL, NULL, NULL, NULL, NULL, NULL, NULL),
(3, NULL, '2019-02-19', '07:00:00', '12:00:00', '13:00:00', '17:00:00', '07:00:00', '07:30:00', '08:00:00', '08:30:00', '09:00:00', '09:30:00', '10:00:00', '10:30:00', '11:00:00', '11:30:00', '12:00:00', '12:30:00', '13:00:00', '13:30:00', '14:00:00', '14:30:00', '15:00:00', '15:30:00', '16:00:00', '16:30:00', NULL, NULL, NULL, NULL, NULL, NULL, NULL, NULL, NULL, NULL),
(3, NULL, '2019-02-20', '07:00:00', '12:00:00', '13:00:00', '17:00:00', '07:00:00', '07:30:00', '08:00:00', '08:30:00', '09:00:00', '09:30:00', '10:00:00', '10:30:00', '11:00:00', '11:30:00', '12:00:00', '12:30:00', '13:00:00', '13:30:00', '14:00:00', '14:30:00', '15:00:00', '15:30:00', '16:00:00', '16:30:00', NULL, NULL, NULL, NULL, NULL, NULL, NULL, NULL, NULL, NULL),
(3, NULL, '2019-02-21', '07:00:00', '12:00:00', '13:00:00', '17:00:00', '07:00:00', '07:30:00', '08:00:00', '08:30:00', '09:00:00', '09:30:00', '10:00:00', '10:30:00', '11:00:00', '11:30:00', '12:00:00', '12:30:00', '13:00:00', '13:30:00', '14:00:00', '14:30:00', '15:00:00', '15:30:00', '16:00:00', '16:30:00', NULL, NULL, NULL, NULL, NULL, NULL, NULL, NULL, NULL, NULL),
(3, NULL, '2019-02-22', '07:00:00', '12:00:00', '13:00:00', '17:00:00', '07:00:00', '07:30:00', '08:00:00', '08:30:00', '09:00:00', '09:30:00', '10:00:00', '10:30:00', '11:00:00', '11:30:00', '12:00:00', '12:30:00', '13:00:00', '13:30:00', '14:00:00', '14:30:00', '15:00:00', '15:30:00', '16:00:00', '16:30:00', NULL, NULL, NULL, NULL, NULL, NULL, NULL, NULL, NULL, NULL),
(3, NULL, '2019-02-23', '07:00:00', '12:00:00', '13:00:00', '17:00:00', '07:00:00', '07:30:00', '08:00:00', '08:30:00', '09:00:00', '09:30:00', '10:00:00', '10:30:00', '11:00:00', '11:30:00', '12:00:00', '12:30:00', '13:00:00', '13:30:00', '14:00:00', '14:30:00', '15:00:00', '15:30:00', '16:00:00', '16:30:00', NULL, NULL, NULL, NULL, NULL, NULL, NULL, NULL, NULL, NULL),
(3, NULL, '2019-02-25', '07:00:00', '12:00:00', '13:00:00', '17:00:00', '07:00:00', '07:30:00', '08:00:00', '08:30:00', '09:00:00', '09:30:00', '10:00:00', '10:30:00', '11:00:00', '11:30:00', '12:00:00', '12:30:00', '13:00:00', '13:30:00', '14:00:00', '14:30:00', '15:00:00', '15:30:00', '16:00:00', '16:30:00', NULL, NULL, NULL, NULL, NULL, NULL, NULL, NULL, NULL, NULL),
(3, NULL, '2019-02-26', '07:00:00', '12:00:00', '13:00:00', '17:00:00', '07:00:00', '07:30:00', '08:00:00', '08:30:00', '09:00:00', '09:30:00', '10:00:00', '10:30:00', '11:00:00', '11:30:00', '12:00:00', '12:30:00', '13:00:00', '13:30:00', '14:00:00', '14:30:00', '15:00:00', '15:30:00', '16:00:00', '16:30:00', NULL, NULL, NULL, NULL, NULL, NULL, NULL, NULL, NULL, NULL),
(3, NULL, '2019-02-27', '07:00:00', '12:00:00', '13:00:00', '17:00:00', '07:00:00', '07:30:00', '08:00:00', '08:30:00', '09:00:00', '09:30:00', '10:00:00', '10:30:00', '11:00:00', '11:30:00', '12:00:00', '12:30:00', '13:00:00', '13:30:00', '14:00:00', '14:30:00', '15:00:00', '15:30:00', '16:00:00', '16:30:00', NULL, NULL, NULL, NULL, NULL, NULL, NULL, NULL, NULL, NULL),
(3, NULL, '2019-02-28', '07:00:00', '12:00:00', '13:00:00', '17:00:00', '07:00:00', '07:30:00', '08:00:00', '08:30:00', '09:00:00', '09:30:00', '10:00:00', '10:30:00', '11:00:00', '11:30:00', '12:00:00', '12:30:00', '13:00:00', '13:30:00', '14:00:00', '14:30:00', '15:00:00', '15:30:00', '16:00:00', '16:30:00', NULL, NULL, NULL, NULL, NULL, NULL, NULL, NULL, NULL, NULL),
(4, NULL, '2019-02-13', '07:00:00', '12:00:00', '13:00:00', '17:00:00', '07:00:00', '07:30:00', '08:00:00', '08:30:00', '09:00:00', '09:30:00', '10:00:00', '10:30:00', '11:00:00', '11:30:00', '12:00:00', '12:30:00', '13:00:00', '13:30:00', '14:00:00', '14:30:00', '15:00:00', '15:30:00', '16:00:00', '16:30:00', NULL, NULL, NULL, NULL, NULL, NULL, NULL, NULL, NULL, NULL),
(4, NULL, '2019-02-14', '07:00:00', '12:00:00', '13:00:00', '17:00:00', '07:00:00', '07:30:00', '08:00:00', '08:30:00', '09:00:00', '09:30:00', '10:00:00', '10:30:00', '11:00:00', '11:30:00', '12:00:00', '12:30:00', '13:00:00', '13:30:00', '14:00:00', '14:30:00', '15:00:00', '15:30:00', '16:00:00', '16:30:00', NULL, NULL, NULL, NULL, NULL, NULL, NULL, NULL, NULL, NULL),
(4, NULL, '2019-02-15', '07:00:00', '12:00:00', '13:00:00', '17:00:00', '07:00:00', '07:30:00', '08:00:00', '08:30:00', '09:00:00', '09:30:00', '10:00:00', '10:30:00', '11:00:00', '11:30:00', '12:00:00', '12:30:00', '13:00:00', '13:30:00', '14:00:00', '14:30:00', '15:00:00', '15:30:00', '16:00:00', '16:30:00', NULL, NULL, NULL, NULL, NULL, NULL, NULL, NULL, NULL, NULL),
(4, NULL, '2019-02-16', '07:00:00', '12:00:00', '13:00:00', '17:00:00', '07:00:00', '07:30:00', '08:00:00', '08:30:00', '09:00:00', '09:30:00', '10:00:00', '10:30:00', '11:00:00', '11:30:00', '12:00:00', '12:30:00', '13:00:00', '13:30:00', '14:00:00', '14:30:00', '15:00:00', '15:30:00', '16:00:00', '16:30:00', NULL, NULL, NULL, NULL, NULL, NULL, NULL, NULL, NULL, NULL),
(4, NULL, '2019-02-18', '07:00:00', '12:00:00', '13:00:00', '17:00:00', '07:00:00', '07:30:00', '08:00:00', '08:30:00', '09:00:00', '09:30:00', '10:00:00', '10:30:00', '11:00:00', '11:30:00', '12:00:00', '12:30:00', '13:00:00', '13:30:00', '14:00:00', '14:30:00', '15:00:00', '15:30:00', '16:00:00', '16:30:00', NULL, NULL, NULL, NULL, NULL, NULL, NULL, NULL, NULL, NULL),
(4, NULL, '2019-02-19', '07:00:00', '12:00:00', '13:00:00', '17:00:00', '07:00:00', '07:30:00', '08:00:00', '08:30:00', '09:00:00', '09:30:00', '10:00:00', '10:30:00', '11:00:00', '11:30:00', '12:00:00', '12:30:00', '13:00:00', '13:30:00', '14:00:00', '14:30:00', '15:00:00', '15:30:00', '16:00:00', '16:30:00', NULL, NULL, NULL, NULL, NULL, NULL, NULL, NULL, NULL, NULL),
(4, NULL, '2019-02-20', '07:00:00', '12:00:00', '13:00:00', '17:00:00', '07:00:00', '07:30:00', '08:00:00', '08:30:00', '09:00:00', '09:30:00', '10:00:00', '10:30:00', '11:00:00', '11:30:00', '12:00:00', '12:30:00', '13:00:00', '13:30:00', '14:00:00', '14:30:00', '15:00:00', '15:30:00', '16:00:00', '16:30:00', NULL, NULL, NULL, NULL, NULL, NULL, NULL, NULL, NULL, NULL),
(4, NULL, '2019-02-21', '07:00:00', '12:00:00', '13:00:00', '17:00:00', '07:00:00', '07:30:00', '08:00:00', '08:30:00', '09:00:00', '09:30:00', '10:00:00', '10:30:00', '11:00:00', '11:30:00', '12:00:00', '12:30:00', '13:00:00', '13:30:00', '14:00:00', '14:30:00', '15:00:00', '15:30:00', '16:00:00', '16:30:00', NULL, NULL, NULL, NULL, NULL, NULL, NULL, NULL, NULL, NULL),
(4, NULL, '2019-02-22', '07:00:00', '12:00:00', '13:00:00', '17:00:00', '07:00:00', '07:30:00', '08:00:00', '08:30:00', '09:00:00', '09:30:00', '10:00:00', '10:30:00', '11:00:00', '11:30:00', '12:00:00', '12:30:00', '13:00:00', '13:30:00', '14:00:00', '14:30:00', '15:00:00', '15:30:00', '16:00:00', '16:30:00', NULL, NULL, NULL, NULL, NULL, NULL, NULL, NULL, NULL, NULL),
(4, NULL, '2019-02-23', '07:00:00', '12:00:00', '13:00:00', '17:00:00', '07:00:00', '07:30:00', '08:00:00', '08:30:00', '09:00:00', '09:30:00', '10:00:00', '10:30:00', '11:00:00', '11:30:00', '12:00:00', '12:30:00', '13:00:00', '13:30:00', '14:00:00', '14:30:00', '15:00:00', '15:30:00', '16:00:00', '16:30:00', NULL, NULL, NULL, NULL, NULL, NULL, NULL, NULL, NULL, NULL),
(4, NULL, '2019-02-25', '07:00:00', '12:00:00', '13:00:00', '17:00:00', '07:00:00', '07:30:00', '08:00:00', '08:30:00', '09:00:00', '09:30:00', '10:00:00', '10:30:00', '11:00:00', '11:30:00', '12:00:00', '12:30:00', '13:00:00', '13:30:00', '14:00:00', '14:30:00', '15:00:00', '15:30:00', '16:00:00', '16:30:00', NULL, NULL, NULL, NULL, NULL, NULL, NULL, NULL, NULL, NULL),
(4, NULL, '2019-02-26', '07:00:00', '12:00:00', '13:00:00', '17:00:00', '07:00:00', '07:30:00', '08:00:00', '08:30:00', '09:00:00', '09:30:00', '10:00:00', '10:30:00', '11:00:00', '11:30:00', '12:00:00', '12:30:00', '13:00:00', '13:30:00', '14:00:00', '14:30:00', '15:00:00', '15:30:00', '16:00:00', '16:30:00', NULL, NULL, NULL, NULL, NULL, NULL, NULL, NULL, NULL, NULL),
(4, NULL, '2019-02-27', '07:00:00', '12:00:00', '13:00:00', '17:00:00', '07:00:00', '07:30:00', '08:00:00', '08:30:00', '09:00:00', '09:30:00', '10:00:00', '10:30:00', '11:00:00', '11:30:00', '12:00:00', '12:30:00', '13:00:00', '13:30:00', '14:00:00', '14:30:00', '15:00:00', '15:30:00', '16:00:00', '16:30:00', NULL, NULL, NULL, NULL, NULL, NULL, NULL, NULL, NULL, NULL),
(4, NULL, '2019-02-28', '07:00:00', '12:00:00', '13:00:00', '17:00:00', '07:00:00', '07:30:00', '08:00:00', '08:30:00', '09:00:00', '09:30:00', '10:00:00', '10:30:00', '11:00:00', '11:30:00', '12:00:00', '12:30:00', '13:00:00', '13:30:00', '14:00:00', '14:30:00', '15:00:00', '15:30:00', '16:00:00', '16:30:00', NULL, NULL, NULL, NULL, NULL, NULL, NULL, NULL, NULL, NULL),
(5, NULL, '2019-02-13', '07:00:00', '12:00:00', '13:00:00', '17:00:00', '07:00:00', '07:30:00', '08:00:00', '08:30:00', '09:00:00', '09:30:00', '10:00:00', '10:30:00', '11:00:00', '11:30:00', '12:00:00', '12:30:00', '13:00:00', '13:30:00', '14:00:00', '14:30:00', '15:00:00', '15:30:00', '16:00:00', '16:30:00', NULL, NULL, NULL, NULL, NULL, NULL, NULL, NULL, NULL, NULL),
(5, NULL, '2019-02-14', '07:00:00', '12:00:00', '13:00:00', '17:00:00', '07:00:00', '07:30:00', '08:00:00', '08:30:00', '09:00:00', '09:30:00', '10:00:00', '10:30:00', '11:00:00', '11:30:00', '12:00:00', '12:30:00', '13:00:00', '13:30:00', '14:00:00', '14:30:00', '15:00:00', '15:30:00', '16:00:00', '16:30:00', NULL, NULL, NULL, NULL, NULL, NULL, NULL, NULL, NULL, NULL),
(5, NULL, '2019-02-15', '07:00:00', '12:00:00', '13:00:00', '17:00:00', '07:00:00', '07:30:00', '08:00:00', '08:30:00', '09:00:00', '09:30:00', '10:00:00', '10:30:00', '11:00:00', '11:30:00', '12:00:00', '12:30:00', '13:00:00', '13:30:00', '14:00:00', '14:30:00', '15:00:00', '15:30:00', '16:00:00', '16:30:00', NULL, NULL, NULL, NULL, NULL, NULL, NULL, NULL, NULL, NULL),
(5, NULL, '2019-02-16', '07:00:00', '12:00:00', '13:00:00', '17:00:00', '07:00:00', '07:30:00', '08:00:00', '08:30:00', '09:00:00', '09:30:00', '10:00:00', '10:30:00', '11:00:00', '11:30:00', '12:00:00', '12:30:00', '13:00:00', '13:30:00', '14:00:00', '14:30:00', '15:00:00', '15:30:00', '16:00:00', '16:30:00', NULL, NULL, NULL, NULL, NULL, NULL, NULL, NULL, NULL, NULL),
(5, NULL, '2019-02-18', '07:00:00', '12:00:00', '13:00:00', '17:00:00', '07:00:00', '07:30:00', '08:00:00', '08:30:00', '09:00:00', '09:30:00', '10:00:00', '10:30:00', '11:00:00', '11:30:00', '12:00:00', '12:30:00', '13:00:00', '13:30:00', '14:00:00', '14:30:00', '15:00:00', '15:30:00', '16:00:00', '16:30:00', NULL, NULL, NULL, NULL, NULL, NULL, NULL, NULL, NULL, NULL),
(5, NULL, '2019-02-19', '07:00:00', '12:00:00', '13:00:00', '17:00:00', '07:00:00', '07:30:00', '08:00:00', '08:30:00', '09:00:00', '09:30:00', '10:00:00', '10:30:00', '11:00:00', '11:30:00', '12:00:00', '12:30:00', '13:00:00', '13:30:00', '14:00:00', '14:30:00', '15:00:00', '15:30:00', '16:00:00', '16:30:00', NULL, NULL, NULL, NULL, NULL, NULL, NULL, NULL, NULL, NULL),
(5, NULL, '2019-02-20', '07:00:00', '12:00:00', '13:00:00', '17:00:00', '07:00:00', '07:30:00', '08:00:00', '08:30:00', '09:00:00', '09:30:00', '10:00:00', '10:30:00', '11:00:00', '11:30:00', '12:00:00', '12:30:00', '13:00:00', '13:30:00', '14:00:00', '14:30:00', '15:00:00', '15:30:00', '16:00:00', '16:30:00', NULL, NULL, NULL, NULL, NULL, NULL, NULL, NULL, NULL, NULL),
(5, NULL, '2019-02-21', '07:00:00', '12:00:00', '13:00:00', '17:00:00', '07:00:00', '07:30:00', '08:00:00', '08:30:00', '09:00:00', '09:30:00', '10:00:00', '10:30:00', '11:00:00', '11:30:00', '12:00:00', '12:30:00', '13:00:00', '13:30:00', '14:00:00', '14:30:00', '15:00:00', '15:30:00', '16:00:00', '16:30:00', NULL, NULL, NULL, NULL, NULL, NULL, NULL, NULL, NULL, NULL),
(5, NULL, '2019-02-22', '07:00:00', '12:00:00', '13:00:00', '17:00:00', '07:00:00', '07:30:00', '08:00:00', '08:30:00', '09:00:00', '09:30:00', '10:00:00', '10:30:00', '11:00:00', '11:30:00', '12:00:00', '12:30:00', '13:00:00', '13:30:00', '14:00:00', '14:30:00', '15:00:00', '15:30:00', '16:00:00', '16:30:00', NULL, NULL, NULL, NULL, NULL, NULL, NULL, NULL, NULL, NULL),
(5, NULL, '2019-02-23', '07:00:00', '12:00:00', '13:00:00', '17:00:00', '07:00:00', '07:30:00', '08:00:00', '08:30:00', '09:00:00', '09:30:00', '10:00:00', '10:30:00', '11:00:00', '11:30:00', '12:00:00', '12:30:00', '13:00:00', '13:30:00', '14:00:00', '14:30:00', '15:00:00', '15:30:00', '16:00:00', '16:30:00', NULL, NULL, NULL, NULL, NULL, NULL, NULL, NULL, NULL, NULL),
(5, NULL, '2019-02-25', '07:00:00', '12:00:00', '13:00:00', '17:00:00', '07:00:00', '07:30:00', '08:00:00', '08:30:00', '09:00:00', '09:30:00', '10:00:00', '10:30:00', '11:00:00', '11:30:00', '12:00:00', '12:30:00', '13:00:00', '13:30:00', '14:00:00', '14:30:00', '15:00:00', '15:30:00', '16:00:00', '16:30:00', NULL, NULL, NULL, NULL, NULL, NULL, NULL, NULL, NULL, NULL),
(5, NULL, '2019-02-26', '07:00:00', '12:00:00', '13:00:00', '17:00:00', '07:00:00', '07:30:00', '08:00:00', '08:30:00', '09:00:00', '09:30:00', '10:00:00', '10:30:00', '11:00:00', '11:30:00', '12:00:00', '12:30:00', '13:00:00', '13:30:00', '14:00:00', '14:30:00', '15:00:00', '15:30:00', '16:00:00', '16:30:00', NULL, NULL, NULL, NULL, NULL, NULL, NULL, NULL, NULL, NULL),
(5, NULL, '2019-02-27', '07:00:00', '12:00:00', '13:00:00', '17:00:00', '07:00:00', '07:30:00', '08:00:00', '08:30:00', '09:00:00', '09:30:00', '10:00:00', '10:30:00', '11:00:00', '11:30:00', '12:00:00', '12:30:00', '13:00:00', '13:30:00', '14:00:00', '14:30:00', '15:00:00', '15:30:00', '16:00:00', '16:30:00', NULL, NULL, NULL, NULL, NULL, NULL, NULL, NULL, NULL, NULL),
(5, NULL, '2019-02-28', '07:00:00', '12:00:00', '13:00:00', '17:00:00', '07:00:00', '07:30:00', '08:00:00', '08:30:00', '09:00:00', '09:30:00', '10:00:00', '10:30:00', '11:00:00', '11:30:00', '12:00:00', '12:30:00', '13:00:00', '13:30:00', '14:00:00', '14:30:00', '15:00:00', '15:30:00', '16:00:00', '16:30:00', NULL, NULL, NULL, NULL, NULL, NULL, NULL, NULL, NULL, NULL),
(6, NULL, '2019-02-13', '07:00:00', '12:00:00', '13:00:00', '17:00:00', '07:00:00', '07:30:00', '08:00:00', '08:30:00', '09:00:00', '09:30:00', '10:00:00', '10:30:00', '11:00:00', '11:30:00', '12:00:00', '12:30:00', '13:00:00', '13:30:00', '14:00:00', '14:30:00', '15:00:00', '15:30:00', '16:00:00', '16:30:00', NULL, NULL, NULL, NULL, NULL, NULL, NULL, NULL, NULL, NULL),
(6, NULL, '2019-02-14', '07:00:00', '12:00:00', '13:00:00', '17:00:00', '07:00:00', '07:30:00', '08:00:00', '08:30:00', '09:00:00', '09:30:00', '10:00:00', '10:30:00', '11:00:00', '11:30:00', '12:00:00', '12:30:00', '13:00:00', '13:30:00', '14:00:00', '14:30:00', '15:00:00', '15:30:00', '16:00:00', '16:30:00', NULL, NULL, NULL, NULL, NULL, NULL, NULL, NULL, NULL, NULL),
(6, NULL, '2019-02-15', '07:00:00', '12:00:00', '13:00:00', '17:00:00', '07:00:00', '07:30:00', '08:00:00', '08:30:00', '09:00:00', '09:30:00', '10:00:00', '10:30:00', '11:00:00', '11:30:00', '12:00:00', '12:30:00', '13:00:00', '13:30:00', '14:00:00', '14:30:00', '15:00:00', '15:30:00', '16:00:00', '16:30:00', NULL, NULL, NULL, NULL, NULL, NULL, NULL, NULL, NULL, NULL),
(6, NULL, '2019-02-16', '07:00:00', '12:00:00', '13:00:00', '17:00:00', '07:00:00', '07:30:00', '08:00:00', '08:30:00', '09:00:00', '09:30:00', '10:00:00', '10:30:00', '11:00:00', '11:30:00', '12:00:00', '12:30:00', '13:00:00', '13:30:00', '14:00:00', '14:30:00', '15:00:00', '15:30:00', '16:00:00', '16:30:00', NULL, NULL, NULL, NULL, NULL, NULL, NULL, NULL, NULL, NULL),
(6, NULL, '2019-02-18', '07:00:00', '12:00:00', '13:00:00', '17:00:00', '07:00:00', '07:30:00', '08:00:00', '08:30:00', '09:00:00', '09:30:00', '10:00:00', '10:30:00', '11:00:00', '11:30:00', '12:00:00', '12:30:00', '13:00:00', '13:30:00', '14:00:00', '14:30:00', '15:00:00', '15:30:00', '16:00:00', '16:30:00', NULL, NULL, NULL, NULL, NULL, NULL, NULL, NULL, NULL, NULL),
(6, NULL, '2019-02-19', '07:00:00', '12:00:00', '13:00:00', '17:00:00', '07:00:00', '07:30:00', '08:00:00', '08:30:00', '09:00:00', '09:30:00', '10:00:00', '10:30:00', '11:00:00', '11:30:00', '12:00:00', '12:30:00', '13:00:00', '13:30:00', '14:00:00', '14:30:00', '15:00:00', '15:30:00', '16:00:00', '16:30:00', NULL, NULL, NULL, NULL, NULL, NULL, NULL, NULL, NULL, NULL),
(6, NULL, '2019-02-20', '07:00:00', '12:00:00', '13:00:00', '17:00:00', '07:00:00', '07:30:00', '08:00:00', '08:30:00', '09:00:00', '09:30:00', '10:00:00', '10:30:00', '11:00:00', '11:30:00', '12:00:00', '12:30:00', '13:00:00', '13:30:00', '14:00:00', '14:30:00', '15:00:00', '15:30:00', '16:00:00', '16:30:00', NULL, NULL, NULL, NULL, NULL, NULL, NULL, NULL, NULL, NULL),
(6, NULL, '2019-02-21', '07:00:00', '12:00:00', '13:00:00', '17:00:00', '07:00:00', '07:30:00', '08:00:00', '08:30:00', '09:00:00', '09:30:00', '10:00:00', '10:30:00', '11:00:00', '11:30:00', '12:00:00', '12:30:00', '13:00:00', '13:30:00', '14:00:00', '14:30:00', '15:00:00', '15:30:00', '16:00:00', '16:30:00', NULL, NULL, NULL, NULL, NULL, NULL, NULL, NULL, NULL, NULL),
(6, NULL, '2019-02-22', '07:00:00', '12:00:00', '13:00:00', '17:00:00', '07:00:00', '07:30:00', '08:00:00', '08:30:00', '09:00:00', '09:30:00', '10:00:00', '10:30:00', '11:00:00', '11:30:00', '12:00:00', '12:30:00', '13:00:00', '13:30:00', '14:00:00', '14:30:00', '15:00:00', '15:30:00', '16:00:00', '16:30:00', NULL, NULL, NULL, NULL, NULL, NULL, NULL, NULL, NULL, NULL),
(6, NULL, '2019-02-23', '07:00:00', '12:00:00', '13:00:00', '17:00:00', '07:00:00', '07:30:00', '08:00:00', '08:30:00', '09:00:00', '09:30:00', '10:00:00', '10:30:00', '11:00:00', '11:30:00', '12:00:00', '12:30:00', '13:00:00', '13:30:00', '14:00:00', '14:30:00', '15:00:00', '15:30:00', '16:00:00', '16:30:00', NULL, NULL, NULL, NULL, NULL, NULL, NULL, NULL, NULL, NULL),
(6, NULL, '2019-02-25', '07:00:00', '12:00:00', '13:00:00', '17:00:00', '07:00:00', '07:30:00', '08:00:00', '08:30:00', '09:00:00', '09:30:00', '10:00:00', '10:30:00', '11:00:00', '11:30:00', '12:00:00', '12:30:00', '13:00:00', '13:30:00', '14:00:00', '14:30:00', '15:00:00', '15:30:00', '16:00:00', '16:30:00', NULL, NULL, NULL, NULL, NULL, NULL, NULL, NULL, NULL, NULL),
(6, NULL, '2019-02-26', '07:00:00', '12:00:00', '13:00:00', '17:00:00', '07:00:00', '07:30:00', '08:00:00', '08:30:00', '09:00:00', '09:30:00', '10:00:00', '10:30:00', '11:00:00', '11:30:00', '12:00:00', '12:30:00', '13:00:00', '13:30:00', '14:00:00', '14:30:00', '15:00:00', '15:30:00', '16:00:00', '16:30:00', NULL, NULL, NULL, NULL, NULL, NULL, NULL, NULL, NULL, NULL),
(6, NULL, '2019-02-27', '07:00:00', '12:00:00', '13:00:00', '17:00:00', '07:00:00', '07:30:00', '08:00:00', '08:30:00', '09:00:00', '09:30:00', '10:00:00', '10:30:00', '11:00:00', '11:30:00', '12:00:00', '12:30:00', '13:00:00', '13:30:00', '14:00:00', '14:30:00', '15:00:00', '15:30:00', '16:00:00', '16:30:00', NULL, NULL, NULL, NULL, NULL, NULL, NULL, NULL, NULL, NULL),
(6, NULL, '2019-02-28', '07:00:00', '12:00:00', '13:00:00', '17:00:00', '07:00:00', '07:30:00', '08:00:00', '08:30:00', '09:00:00', '09:30:00', '10:00:00', '10:30:00', '11:00:00', '11:30:00', '12:00:00', '12:30:00', '13:00:00', '13:30:00', '14:00:00', '14:30:00', '15:00:00', '15:30:00', '16:00:00', '16:30:00', NULL, NULL, NULL, NULL, NULL, NULL, NULL, NULL, NULL, NULL),
(7, NULL, '2019-02-13', '07:00:00', '12:00:00', '13:00:00', '17:00:00', '07:00:00', '07:30:00', '08:00:00', '08:30:00', '09:00:00', '09:30:00', '10:00:00', '10:30:00', '11:00:00', '11:30:00', '12:00:00', '12:30:00', '13:00:00', '13:30:00', '14:00:00', '14:30:00', '15:00:00', '15:30:00', '16:00:00', '16:30:00', NULL, NULL, NULL, NULL, NULL, NULL, NULL, NULL, NULL, NULL),
(7, NULL, '2019-02-14', '07:00:00', '12:00:00', '13:00:00', '17:00:00', '07:00:00', '07:30:00', '08:00:00', '08:30:00', '09:00:00', '09:30:00', '10:00:00', '10:30:00', '11:00:00', '11:30:00', '12:00:00', '12:30:00', '13:00:00', '13:30:00', '14:00:00', '14:30:00', '15:00:00', '15:30:00', '16:00:00', '16:30:00', NULL, NULL, NULL, NULL, NULL, NULL, NULL, NULL, NULL, NULL),
(7, NULL, '2019-02-15', '07:00:00', '12:00:00', '13:00:00', '17:00:00', '07:00:00', '07:30:00', '08:00:00', '08:30:00', '09:00:00', '09:30:00', '10:00:00', '10:30:00', '11:00:00', '11:30:00', '12:00:00', '12:30:00', '13:00:00', '13:30:00', '14:00:00', '14:30:00', '15:00:00', '15:30:00', '16:00:00', '16:30:00', NULL, NULL, NULL, NULL, NULL, NULL, NULL, NULL, NULL, NULL),
(7, NULL, '2019-02-16', '07:00:00', '12:00:00', '13:00:00', '17:00:00', '07:00:00', '07:30:00', '08:00:00', '08:30:00', '09:00:00', '09:30:00', '10:00:00', '10:30:00', '11:00:00', '11:30:00', '12:00:00', '12:30:00', '13:00:00', '13:30:00', '14:00:00', '14:30:00', '15:00:00', '15:30:00', '16:00:00', '16:30:00', NULL, NULL, NULL, NULL, NULL, NULL, NULL, NULL, NULL, NULL),
(7, NULL, '2019-02-18', '07:00:00', '12:00:00', '13:00:00', '17:00:00', '07:00:00', '07:30:00', '08:00:00', '08:30:00', '09:00:00', '09:30:00', '10:00:00', '10:30:00', '11:00:00', '11:30:00', '12:00:00', '12:30:00', '13:00:00', '13:30:00', '14:00:00', '14:30:00', '15:00:00', '15:30:00', '16:00:00', '16:30:00', NULL, NULL, NULL, NULL, NULL, NULL, NULL, NULL, NULL, NULL),
(7, NULL, '2019-02-19', '07:00:00', '12:00:00', '13:00:00', '17:00:00', '07:00:00', '07:30:00', '08:00:00', '08:30:00', '09:00:00', '09:30:00', '10:00:00', '10:30:00', '11:00:00', '11:30:00', '12:00:00', '12:30:00', '13:00:00', '13:30:00', '14:00:00', '14:30:00', '15:00:00', '15:30:00', '16:00:00', '16:30:00', NULL, NULL, NULL, NULL, NULL, NULL, NULL, NULL, NULL, NULL),
(7, NULL, '2019-02-20', '07:00:00', '12:00:00', '13:00:00', '17:00:00', '07:00:00', '07:30:00', '08:00:00', '08:30:00', '09:00:00', '09:30:00', '10:00:00', '10:30:00', '11:00:00', '11:30:00', '12:00:00', '12:30:00', '13:00:00', '13:30:00', '14:00:00', '14:30:00', '15:00:00', '15:30:00', '16:00:00', '16:30:00', NULL, NULL, NULL, NULL, NULL, NULL, NULL, NULL, NULL, NULL),
(7, NULL, '2019-02-21', '07:00:00', '12:00:00', '13:00:00', '17:00:00', '07:00:00', '07:30:00', '08:00:00', '08:30:00', '09:00:00', '09:30:00', '10:00:00', '10:30:00', '11:00:00', '11:30:00', '12:00:00', '12:30:00', '13:00:00', '13:30:00', '14:00:00', '14:30:00', '15:00:00', '15:30:00', '16:00:00', '16:30:00', NULL, NULL, NULL, NULL, NULL, NULL, NULL, NULL, NULL, NULL),
(7, NULL, '2019-02-22', '07:00:00', '12:00:00', '13:00:00', '17:00:00', '07:00:00', '07:30:00', '08:00:00', '08:30:00', '09:00:00', '09:30:00', '10:00:00', '10:30:00', '11:00:00', '11:30:00', '12:00:00', '12:30:00', '13:00:00', '13:30:00', '14:00:00', '14:30:00', '15:00:00', '15:30:00', '16:00:00', '16:30:00', NULL, NULL, NULL, NULL, NULL, NULL, NULL, NULL, NULL, NULL),
(7, NULL, '2019-02-23', '07:00:00', '12:00:00', '13:00:00', '17:00:00', '07:00:00', '07:30:00', '08:00:00', '08:30:00', '09:00:00', '09:30:00', '10:00:00', '10:30:00', '11:00:00', '11:30:00', '12:00:00', '12:30:00', '13:00:00', '13:30:00', '14:00:00', '14:30:00', '15:00:00', '15:30:00', '16:00:00', '16:30:00', NULL, NULL, NULL, NULL, NULL, NULL, NULL, NULL, NULL, NULL),
(7, NULL, '2019-02-25', '07:00:00', '12:00:00', '13:00:00', '17:00:00', '07:00:00', '07:30:00', '08:00:00', '08:30:00', '09:00:00', '09:30:00', '10:00:00', '10:30:00', '11:00:00', '11:30:00', '12:00:00', '12:30:00', '13:00:00', '13:30:00', '14:00:00', '14:30:00', '15:00:00', '15:30:00', '16:00:00', '16:30:00', NULL, NULL, NULL, NULL, NULL, NULL, NULL, NULL, NULL, NULL),
(7, NULL, '2019-02-26', '07:00:00', '12:00:00', '13:00:00', '17:00:00', '07:00:00', '07:30:00', '08:00:00', '08:30:00', '09:00:00', '09:30:00', '10:00:00', '10:30:00', '11:00:00', '11:30:00', '12:00:00', '12:30:00', '13:00:00', '13:30:00', '14:00:00', '14:30:00', '15:00:00', '15:30:00', '16:00:00', '16:30:00', NULL, NULL, NULL, NULL, NULL, NULL, NULL, NULL, NULL, NULL),
(7, NULL, '2019-02-27', '07:00:00', '12:00:00', '13:00:00', '17:00:00', '07:00:00', '07:30:00', '08:00:00', '08:30:00', '09:00:00', '09:30:00', '10:00:00', '10:30:00', '11:00:00', '11:30:00', '12:00:00', '12:30:00', '13:00:00', '13:30:00', '14:00:00', '14:30:00', '15:00:00', '15:30:00', '16:00:00', '16:30:00', NULL, NULL, NULL, NULL, NULL, NULL, NULL, NULL, NULL, NULL),
(7, NULL, '2019-02-28', '07:00:00', '12:00:00', '13:00:00', '17:00:00', '07:00:00', '07:30:00', '08:00:00', '08:30:00', '09:00:00', '09:30:00', '10:00:00', '10:30:00', '11:00:00', '11:30:00', '12:00:00', '12:30:00', '13:00:00', '13:30:00', '14:00:00', '14:30:00', '15:00:00', '15:30:00', '16:00:00', '16:30:00', NULL, NULL, NULL, NULL, NULL, NULL, NULL, NULL, NULL, NULL),
(8, NULL, '2019-02-13', '07:00:00', '12:00:00', '13:00:00', '17:00:00', '07:00:00', '07:30:00', '08:00:00', '08:30:00', '09:00:00', '09:30:00', '10:00:00', '10:30:00', '11:00:00', '11:30:00', '12:00:00', '12:30:00', '13:00:00', '13:30:00', '14:00:00', '14:30:00', '15:00:00', '15:30:00', '16:00:00', '16:30:00', NULL, NULL, NULL, NULL, NULL, NULL, NULL, NULL, NULL, NULL),
(8, NULL, '2019-02-14', '07:00:00', '12:00:00', '13:00:00', '17:00:00', '07:00:00', '07:30:00', '08:00:00', '08:30:00', '09:00:00', '09:30:00', '10:00:00', '10:30:00', '11:00:00', '11:30:00', '12:00:00', '12:30:00', '13:00:00', '13:30:00', '14:00:00', '14:30:00', '15:00:00', '15:30:00', '16:00:00', '16:30:00', NULL, NULL, NULL, NULL, NULL, NULL, NULL, NULL, NULL, NULL);
INSERT INTO `agenda_medico` (`idMedico`, `idEsp`, `data`, `inicio`, `inicio_almoco`, `fim_almoco`, `fim`, `hora[1]`, `hora[2]`, `hora[3]`, `hora[4]`, `hora[5]`, `hora[6]`, `hora[7]`, `hora[8]`, `hora[9]`, `hora[10]`, `hora[11]`, `hora[12]`, `hora[13]`, `hora[14]`, `hora[15]`, `hora[16]`, `hora[17]`, `hora[18]`, `hora[19]`, `hora[20]`, `hora[21]`, `hora[22]`, `hora[23]`, `hora[24]`, `hora[25]`, `hora[26]`, `hora[27]`, `hora[28]`, `hora[29]`, `hora[30]`) VALUES
(8, NULL, '2019-02-15', '07:00:00', '12:00:00', '13:00:00', '17:00:00', '07:00:00', '07:30:00', '08:00:00', '08:30:00', '09:00:00', '09:30:00', '10:00:00', '10:30:00', '11:00:00', '11:30:00', '12:00:00', '12:30:00', '13:00:00', '13:30:00', '14:00:00', '14:30:00', '15:00:00', '15:30:00', '16:00:00', '16:30:00', NULL, NULL, NULL, NULL, NULL, NULL, NULL, NULL, NULL, NULL),
(8, NULL, '2019-02-16', '07:00:00', '12:00:00', '13:00:00', '17:00:00', '07:00:00', '07:30:00', '08:00:00', '08:30:00', '09:00:00', '09:30:00', '10:00:00', '10:30:00', '11:00:00', '11:30:00', '12:00:00', '12:30:00', '13:00:00', '13:30:00', '14:00:00', '14:30:00', '15:00:00', '15:30:00', '16:00:00', '16:30:00', NULL, NULL, NULL, NULL, NULL, NULL, NULL, NULL, NULL, NULL),
(8, NULL, '2019-02-18', '07:00:00', '12:00:00', '13:00:00', '17:00:00', '07:00:00', '07:30:00', '08:00:00', '08:30:00', '09:00:00', '09:30:00', '10:00:00', '10:30:00', '11:00:00', '11:30:00', '12:00:00', '12:30:00', '13:00:00', '13:30:00', '14:00:00', '14:30:00', '15:00:00', '15:30:00', '16:00:00', '16:30:00', NULL, NULL, NULL, NULL, NULL, NULL, NULL, NULL, NULL, NULL),
(8, NULL, '2019-02-19', '07:00:00', '12:00:00', '13:00:00', '17:00:00', '07:00:00', '07:30:00', '08:00:00', '08:30:00', '09:00:00', '09:30:00', '10:00:00', '10:30:00', '11:00:00', '11:30:00', '12:00:00', '12:30:00', '13:00:00', '13:30:00', '14:00:00', '14:30:00', '15:00:00', '15:30:00', '16:00:00', '16:30:00', NULL, NULL, NULL, NULL, NULL, NULL, NULL, NULL, NULL, NULL),
(8, NULL, '2019-02-20', '07:00:00', '12:00:00', '13:00:00', '17:00:00', '07:00:00', '07:30:00', '08:00:00', '08:30:00', '09:00:00', '09:30:00', '10:00:00', '10:30:00', '11:00:00', '11:30:00', '12:00:00', '12:30:00', '13:00:00', '13:30:00', '14:00:00', '14:30:00', '15:00:00', '15:30:00', '16:00:00', '16:30:00', NULL, NULL, NULL, NULL, NULL, NULL, NULL, NULL, NULL, NULL),
(8, NULL, '2019-02-21', '07:00:00', '12:00:00', '13:00:00', '17:00:00', '07:00:00', '07:30:00', '08:00:00', '08:30:00', '09:00:00', '09:30:00', '10:00:00', '10:30:00', '11:00:00', '11:30:00', '12:00:00', '12:30:00', '13:00:00', '13:30:00', '14:00:00', '14:30:00', '15:00:00', '15:30:00', '16:00:00', '16:30:00', NULL, NULL, NULL, NULL, NULL, NULL, NULL, NULL, NULL, NULL),
(8, NULL, '2019-02-22', '07:00:00', '12:00:00', '13:00:00', '17:00:00', '07:00:00', '07:30:00', '08:00:00', '08:30:00', '09:00:00', '09:30:00', '10:00:00', '10:30:00', '11:00:00', '11:30:00', '12:00:00', '12:30:00', '13:00:00', '13:30:00', '14:00:00', '14:30:00', '15:00:00', '15:30:00', '16:00:00', '16:30:00', NULL, NULL, NULL, NULL, NULL, NULL, NULL, NULL, NULL, NULL),
(8, NULL, '2019-02-23', '07:00:00', '12:00:00', '13:00:00', '17:00:00', '07:00:00', '07:30:00', '08:00:00', '08:30:00', '09:00:00', '09:30:00', '10:00:00', '10:30:00', '11:00:00', '11:30:00', '12:00:00', '12:30:00', '13:00:00', '13:30:00', '14:00:00', '14:30:00', '15:00:00', '15:30:00', '16:00:00', '16:30:00', NULL, NULL, NULL, NULL, NULL, NULL, NULL, NULL, NULL, NULL),
(8, NULL, '2019-02-25', '07:00:00', '12:00:00', '13:00:00', '17:00:00', '07:00:00', '07:30:00', '08:00:00', '08:30:00', '09:00:00', '09:30:00', '10:00:00', '10:30:00', '11:00:00', '11:30:00', '12:00:00', '12:30:00', '13:00:00', '13:30:00', '14:00:00', '14:30:00', '15:00:00', '15:30:00', '16:00:00', '16:30:00', NULL, NULL, NULL, NULL, NULL, NULL, NULL, NULL, NULL, NULL),
(8, NULL, '2019-02-26', '07:00:00', '12:00:00', '13:00:00', '17:00:00', '07:00:00', '07:30:00', '08:00:00', '08:30:00', '09:00:00', '09:30:00', '10:00:00', '10:30:00', '11:00:00', '11:30:00', '12:00:00', '12:30:00', '13:00:00', '13:30:00', '14:00:00', '14:30:00', '15:00:00', '15:30:00', '16:00:00', '16:30:00', NULL, NULL, NULL, NULL, NULL, NULL, NULL, NULL, NULL, NULL),
(8, NULL, '2019-02-27', '07:00:00', '12:00:00', '13:00:00', '17:00:00', '07:00:00', '07:30:00', '08:00:00', '08:30:00', '09:00:00', '09:30:00', '10:00:00', '10:30:00', '11:00:00', '11:30:00', '12:00:00', '12:30:00', '13:00:00', '13:30:00', '14:00:00', '14:30:00', '15:00:00', '15:30:00', '16:00:00', '16:30:00', NULL, NULL, NULL, NULL, NULL, NULL, NULL, NULL, NULL, NULL),
(8, NULL, '2019-02-28', '07:00:00', '12:00:00', '13:00:00', '17:00:00', '07:00:00', '07:30:00', '08:00:00', '08:30:00', '09:00:00', '09:30:00', '10:00:00', '10:30:00', '11:00:00', '11:30:00', '12:00:00', '12:30:00', '13:00:00', '13:30:00', '14:00:00', '14:30:00', '15:00:00', '15:30:00', '16:00:00', '16:30:00', NULL, NULL, NULL, NULL, NULL, NULL, NULL, NULL, NULL, NULL),
(9, NULL, '2019-02-13', '07:00:00', '12:00:00', '13:00:00', '17:00:00', '07:00:00', '07:30:00', '08:00:00', '08:30:00', '09:00:00', '09:30:00', '10:00:00', '10:30:00', '11:00:00', '11:30:00', '12:00:00', '12:30:00', '13:00:00', '13:30:00', '14:00:00', '14:30:00', '15:00:00', '15:30:00', '16:00:00', '16:30:00', NULL, NULL, NULL, NULL, NULL, NULL, NULL, NULL, NULL, NULL),
(9, NULL, '2019-02-14', '07:00:00', '12:00:00', '13:00:00', '17:00:00', '07:00:00', '07:30:00', '08:00:00', '08:30:00', '09:00:00', '09:30:00', '10:00:00', '10:30:00', '11:00:00', '11:30:00', '12:00:00', '12:30:00', '13:00:00', '13:30:00', '14:00:00', '14:30:00', '15:00:00', '15:30:00', '16:00:00', '16:30:00', NULL, NULL, NULL, NULL, NULL, NULL, NULL, NULL, NULL, NULL),
(9, NULL, '2019-02-15', '07:00:00', '12:00:00', '13:00:00', '17:00:00', '07:00:00', '07:30:00', '08:00:00', '08:30:00', '09:00:00', '09:30:00', '10:00:00', '10:30:00', '11:00:00', '11:30:00', '12:00:00', '12:30:00', '13:00:00', '13:30:00', '14:00:00', '14:30:00', '15:00:00', '15:30:00', '16:00:00', '16:30:00', NULL, NULL, NULL, NULL, NULL, NULL, NULL, NULL, NULL, NULL),
(9, NULL, '2019-02-16', '07:00:00', '12:00:00', '13:00:00', '17:00:00', '07:00:00', '07:30:00', '08:00:00', '08:30:00', '09:00:00', '09:30:00', '10:00:00', '10:30:00', '11:00:00', '11:30:00', '12:00:00', '12:30:00', '13:00:00', '13:30:00', '14:00:00', '14:30:00', '15:00:00', '15:30:00', '16:00:00', '16:30:00', NULL, NULL, NULL, NULL, NULL, NULL, NULL, NULL, NULL, NULL),
(9, NULL, '2019-02-18', '07:00:00', '12:00:00', '13:00:00', '17:00:00', '07:00:00', '07:30:00', '08:00:00', '08:30:00', '09:00:00', '09:30:00', '10:00:00', '10:30:00', '11:00:00', '11:30:00', '12:00:00', '12:30:00', '13:00:00', '13:30:00', '14:00:00', '14:30:00', '15:00:00', '15:30:00', '16:00:00', '16:30:00', NULL, NULL, NULL, NULL, NULL, NULL, NULL, NULL, NULL, NULL),
(9, NULL, '2019-02-19', '07:00:00', '12:00:00', '13:00:00', '17:00:00', '07:00:00', '07:30:00', '08:00:00', '08:30:00', '09:00:00', '09:30:00', '10:00:00', '10:30:00', '11:00:00', '11:30:00', '12:00:00', '12:30:00', '13:00:00', '13:30:00', '14:00:00', '14:30:00', '15:00:00', '15:30:00', '16:00:00', '16:30:00', NULL, NULL, NULL, NULL, NULL, NULL, NULL, NULL, NULL, NULL),
(9, NULL, '2019-02-20', '07:00:00', '12:00:00', '13:00:00', '17:00:00', '07:00:00', '07:30:00', '08:00:00', '08:30:00', '09:00:00', '09:30:00', '10:00:00', '10:30:00', '11:00:00', '11:30:00', '12:00:00', '12:30:00', '13:00:00', '13:30:00', '14:00:00', '14:30:00', '15:00:00', '15:30:00', '16:00:00', '16:30:00', NULL, NULL, NULL, NULL, NULL, NULL, NULL, NULL, NULL, NULL),
(9, NULL, '2019-02-21', '07:00:00', '12:00:00', '13:00:00', '17:00:00', '07:00:00', '07:30:00', '08:00:00', '08:30:00', '09:00:00', '09:30:00', '10:00:00', '10:30:00', '11:00:00', '11:30:00', '12:00:00', '12:30:00', '13:00:00', '13:30:00', '14:00:00', '14:30:00', '15:00:00', '15:30:00', '16:00:00', '16:30:00', NULL, NULL, NULL, NULL, NULL, NULL, NULL, NULL, NULL, NULL),
(9, NULL, '2019-02-22', '07:00:00', '12:00:00', '13:00:00', '17:00:00', '07:00:00', '07:30:00', '08:00:00', '08:30:00', '09:00:00', '09:30:00', '10:00:00', '10:30:00', '11:00:00', '11:30:00', '12:00:00', '12:30:00', '13:00:00', '13:30:00', '14:00:00', '14:30:00', '15:00:00', '15:30:00', '16:00:00', '16:30:00', NULL, NULL, NULL, NULL, NULL, NULL, NULL, NULL, NULL, NULL),
(9, NULL, '2019-02-23', '07:00:00', '12:00:00', '13:00:00', '17:00:00', '07:00:00', '07:30:00', '08:00:00', '08:30:00', '09:00:00', '09:30:00', '10:00:00', '10:30:00', '11:00:00', '11:30:00', '12:00:00', '12:30:00', '13:00:00', '13:30:00', '14:00:00', '14:30:00', '15:00:00', '15:30:00', '16:00:00', '16:30:00', NULL, NULL, NULL, NULL, NULL, NULL, NULL, NULL, NULL, NULL),
(9, NULL, '2019-02-25', '07:00:00', '12:00:00', '13:00:00', '17:00:00', '07:00:00', '07:30:00', '08:00:00', '08:30:00', '09:00:00', '09:30:00', '10:00:00', '10:30:00', '11:00:00', '11:30:00', '12:00:00', '12:30:00', '13:00:00', '13:30:00', '14:00:00', '14:30:00', '15:00:00', '15:30:00', '16:00:00', '16:30:00', NULL, NULL, NULL, NULL, NULL, NULL, NULL, NULL, NULL, NULL),
(9, NULL, '2019-02-26', '07:00:00', '12:00:00', '13:00:00', '17:00:00', '07:00:00', '07:30:00', '08:00:00', '08:30:00', '09:00:00', '09:30:00', '10:00:00', '10:30:00', '11:00:00', '11:30:00', '12:00:00', '12:30:00', '13:00:00', '13:30:00', '14:00:00', '14:30:00', '15:00:00', '15:30:00', '16:00:00', '16:30:00', NULL, NULL, NULL, NULL, NULL, NULL, NULL, NULL, NULL, NULL),
(9, NULL, '2019-02-27', '07:00:00', '12:00:00', '13:00:00', '17:00:00', '07:00:00', '07:30:00', '08:00:00', '08:30:00', '09:00:00', '09:30:00', '10:00:00', '10:30:00', '11:00:00', '11:30:00', '12:00:00', '12:30:00', '13:00:00', '13:30:00', '14:00:00', '14:30:00', '15:00:00', '15:30:00', '16:00:00', '16:30:00', NULL, NULL, NULL, NULL, NULL, NULL, NULL, NULL, NULL, NULL),
(9, NULL, '2019-02-28', '07:00:00', '12:00:00', '13:00:00', '17:00:00', '07:00:00', '07:30:00', '08:00:00', '08:30:00', '09:00:00', '09:30:00', '10:00:00', '10:30:00', '11:00:00', '11:30:00', '12:00:00', '12:30:00', '13:00:00', '13:30:00', '14:00:00', '14:30:00', '15:00:00', '15:30:00', '16:00:00', '16:30:00', NULL, NULL, NULL, NULL, NULL, NULL, NULL, NULL, NULL, NULL);

-- --------------------------------------------------------

--
-- Estrutura da tabela `especialidades`
--

CREATE TABLE IF NOT EXISTS `especialidades` (
  `idEsp` int(11) NOT NULL,
  `especialidade` varchar(20) NOT NULL,
  PRIMARY KEY (`idEsp`),
  KEY `idEspecialidade` (`idEsp`)
) ENGINE=InnoDB DEFAULT CHARSET=latin1;

--
-- Extraindo dados da tabela `especialidades`
--

INSERT INTO `especialidades` (`idEsp`, `especialidade`) VALUES
(1, 'Psicologia'),
(2, 'Fonoaudiologia'),
(3, 'Nutricionista'),
(4, 'Fisioterapia'),
(5, 'Neuropsicologia'),
(6, 'Psicopedagogia');

-- --------------------------------------------------------

--
-- Estrutura da tabela `medico`
--

CREATE TABLE IF NOT EXISTS `medico` (
  `idMedico` int(11) NOT NULL,
  `nome` varchar(20) NOT NULL,
  `numeroProfissional` varchar(20) NOT NULL,
  `dataNascimento` date NOT NULL,
  `idEspecialidade` int(20) NOT NULL,
  PRIMARY KEY (`idMedico`),
  KEY `idMedico` (`idMedico`),
  KEY `idEspecialidade` (`idEspecialidade`)
) ENGINE=InnoDB DEFAULT CHARSET=latin1;

--
-- Extraindo dados da tabela `medico`
--

INSERT INTO `medico` (`idMedico`, `nome`, `numeroProfissional`, `dataNascimento`, `idEspecialidade`) VALUES
(3, 'Daniel', '4234242', '2019-02-13', 1),
(4, 'Cluadia', '4234242', '2019-02-06', 6),
(5, 'Ana Maria', '432423', '2019-02-04', 3),
(6, 'Paula', '43224', '2019-02-12', 4),
(7, 'Sergio', '4234324', '2019-02-06', 4),
(8, 'Gabriela', '433543', '2019-02-04', 2),
(9, 'Alan', '3213123', '2019-02-19', 5);

-- --------------------------------------------------------

--
-- Estrutura da tabela `pacientes`
--

CREATE TABLE IF NOT EXISTS `pacientes` (
  `id` int(11) NOT NULL AUTO_INCREMENT,
  `nome` varchar(20) NOT NULL,
  `nomeResponsavel` varchar(20) NOT NULL,
  `sexo` varchar(10) NOT NULL,
  `dataNascimento` date NOT NULL,
  `estadoCivil` varchar(12) NOT NULL,
  `indicacao` varchar(20) NOT NULL,
  `cpf` varchar(13) NOT NULL,
  `celular` varchar(14) NOT NULL,
  `telefone` varchar(14) NOT NULL,
  `telefoneAdicional` varchar(14) NOT NULL,
  `email` varchar(25) NOT NULL,
  `cep` varchar(10) NOT NULL,
  `rua` varchar(100) NOT NULL,
  `numero` int(7) NOT NULL,
  `complemento` varchar(20) NOT NULL,
  `bairro` varchar(20) NOT NULL,
  `cidade` varchar(20) NOT NULL,
  `estado` varchar(2) NOT NULL,
  `convenio` varchar(20) NOT NULL,
  `plano` varchar(20) NOT NULL,
  `numeroConvenio` int(30) NOT NULL,
  `dataConvenio` date NOT NULL,
  `observacao` varchar(20) NOT NULL,
  `status` int(2) NOT NULL DEFAULT '1',
  PRIMARY KEY (`id`),
  KEY `id` (`id`)
) ENGINE=InnoDB  DEFAULT CHARSET=latin1 AUTO_INCREMENT=8 ;

--
-- Extraindo dados da tabela `pacientes`
--

INSERT INTO `pacientes` (`id`, `nome`, `nomeResponsavel`, `sexo`, `dataNascimento`, `estadoCivil`, `indicacao`, `cpf`, `celular`, `telefone`, `telefoneAdicional`, `email`, `cep`, `rua`, `numero`, `complemento`, `bairro`, `cidade`, `estado`, `convenio`, `plano`, `numeroConvenio`, `dataConvenio`, `observacao`, `status`) VALUES
(2, 'Guilherme', 'Ana', 'Masculino', '2000-09-09', 'Namorando', 'Ana', '48977851890', '11997948992', '1124077895', '', 'santanaguisantos@gmail.co', '0713565', 'Rua zona', 234, 'Sesi', 'Jd.Adriana', 'Guarulhos', 'sp', 'Metrus', 'plano', 3432423, '2019-01-23', 'MI LINDA', 1),
(7, 'Jeff', 'Thomas', 'Thomas', '2019-02-01', 'Thomas', 'Thomas', 'Thomas', 'Thomas', 'Thomas', 'Thomas', 'Thomas', '07077065', 'Rua Geraldo Augusto da Silva', 666, 'alo', 'Parque Continental I', 'Guarulhos', 'SP', 'Thomas', 'Thomas', 0, '2019-02-28', 'dsadsada', 1);

-- --------------------------------------------------------

--
-- Estrutura da tabela `prontuario`
--

CREATE TABLE IF NOT EXISTS `prontuario` (
  `idPaciente` int(11) NOT NULL,
  `anotacoes` varchar(250) NOT NULL,
  `problemas` varchar(250) NOT NULL,
  `resumo` varchar(250) NOT NULL,
  `medicacoes` varchar(150) NOT NULL
) ENGINE=InnoDB DEFAULT CHARSET=latin1;

-- --------------------------------------------------------

--
-- Estrutura da tabela `sala`
--

CREATE TABLE IF NOT EXISTS `sala` (
  `sala` int(11) NOT NULL,
  `idmedico` int(11) NOT NULL
) ENGINE=InnoDB DEFAULT CHARSET=latin1;

--
-- Extraindo dados da tabela `sala`
--

INSERT INTO `sala` (`sala`, `idmedico`) VALUES
(1, 1);

-- --------------------------------------------------------

--
-- Estrutura da tabela `secretario`
--

CREATE TABLE IF NOT EXISTS `secretario` (
  `idSecretario` int(11) NOT NULL,
  `nome` varchar(20) NOT NULL,
  `data_nascimento` timestamp(6) NOT NULL DEFAULT CURRENT_TIMESTAMP(6) ON UPDATE CURRENT_TIMESTAMP(6),
  `ctps` varchar(20) NOT NULL
) ENGINE=InnoDB DEFAULT CHARSET=latin1;

-- --------------------------------------------------------

--
-- Estrutura da tabela `status`
--

CREATE TABLE IF NOT EXISTS `status` (
  `idStatus` int(11) NOT NULL,
  `status` varchar(20) NOT NULL
) ENGINE=InnoDB DEFAULT CHARSET=latin1;

--
-- Extraindo dados da tabela `status`
--

INSERT INTO `status` (`idStatus`, `status`) VALUES
(1, 'chegar'),
(2, 'aguardando'),
(3, 'atendimento'),
(4, 'atendido'),
(5, 'ausente');

-- --------------------------------------------------------

--
-- Estrutura da tabela `tbl_employees`
--

CREATE TABLE IF NOT EXISTS `tbl_employees` (
  `id` int(11) NOT NULL,
  `employee_name` varchar(20) NOT NULL,
  `address` int(20) NOT NULL,
  `created_at` int(20) NOT NULL
) ENGINE=InnoDB DEFAULT CHARSET=latin1;

/*!40101 SET CHARACTER_SET_CLIENT=@OLD_CHARACTER_SET_CLIENT */;
/*!40101 SET CHARACTER_SET_RESULTS=@OLD_CHARACTER_SET_RESULTS */;
/*!40101 SET COLLATION_CONNECTION=@OLD_COLLATION_CONNECTION */;
